#demo_addr	size	file	line	fsize	mask	static	name
8001387c	84	VALLOC.C	33	8	0x00000000	extern	vinit
800138d0	76	VALLOC.C	45	0	0x00000000	extern	vgetmaxsize
8001391c	68	VALLOC.C	61	0	0x00000000	extern	vgetfreesize
80013960	460	VALLOC.C	76	1080	0x80030000	extern	valloc
80013b2c	520	VALLOC.C	130	40	0x80070000	extern	vrealloc
80013d34	84	VALLOC.C	203	32	0x80070000	extern	vcalloc
80013d88	264	VALLOC.C	216	32	0x80070000	extern	vfree
80013e90	12	VALLOC.C	247	0	0x00000000	extern	vsize
80013e9c	784	VALLOC.C	259	56	0x807f0000	extern	vmemoryGC
800141ac	48	VALLOC.C	305	24	0x80000000	extern	SystemOut
800141dc	316	3DCTRL.C	45	32	0x80010000	extern	InitGraphicsSystem
80014318	212	3DCTRL.C	79	32	0x80010000	extern	InitLighting
800143ec	392	3DCTRL.C	97	96	0x801f0000	extern	SetupLighting
80014574	124	3DCTRL.C	140	24	0x80000000	extern	StartDrawing
800145f0	196	3DCTRL.C	151	24	0x80010000	extern	EndDrawing
800146b4	52	3DCTRL.C	203	24	0x80010000	extern	UpdateCoordinate
800146e8	52	3DCTRL.C	212	24	0x80010000	extern	UpdateCoordinate2
8001471c	124	3DCTRL.C	221	80	0x800f0000	extern	GetAbsolutePosition
80014798	300	3DCTRL.C	240	40	0x80030000	extern	DrawClip
800148c4	180	3DCTRL.C	269	32	0x80030000	extern	LoadModel
80014978	336	3DCTRL.C	297	72	0x80030000	extern	DrawModel
80014ac8	36	3DCTRL.C	312	24	0x80000000	extern	DisposeModel
80014aec	164	3DCTRL.C	319	32	0x80030000	extern	CreateCloneModel
80014b90	764	3DCTRL.C	335	56	0x80ff0000	extern	LoadModelArchive
80014e8c	492	3DCTRL.C	393	88	0x800f0000	extern	DrawModelArchive
80015078	140	3DCTRL.C	425	32	0x80030000	extern	DisposeModelArchive
80015104	424	3DCTRL.C	438	48	0x803f0000	extern	CreateCloneModelArchive
800152ac	148	3DCTRL.C	471	32	0x80030000	extern	LoadOrnament
80015340	72	3DCTRL.C	496	56	0x80010000	extern	DrawOrnament
80015388	36	3DCTRL.C	510	24	0x80000000	extern	DisposeOrnament
800153ac	132	3DCTRL.C	518	32	0x80030000	extern	CreateCloneOrnament
80015430	96	3DCTRL.C	532	32	0x80010000	extern	UpdateOrnament
80015490	472	3DCTRL.C	546	40	0x800f0000	extern	SetupSprite
80015668	448	3DCTRL.C	593	72	0x80070000	extern	DrawSprite
80015828	36	3DCTRL.C	611	24	0x80000000	extern	DisposeSprite
8001584c	1124	3DCTRL.C	622	96	0xc0ff0000	extern	SetupBG
80015cb0	68	3DCTRL.C	686	24	0x80000000	extern	DrawBG
80015cf4	84	3DCTRL.C	697	24	0x80010000	extern	DisposeBG
80015d48	60	3DCTRL.C	708	0	0x00000000	extern	ViewAdjustBG
80015d84	184	3DCTRL.C	718	64	0x80010000	extern	LoadTIM
80015e3c	32	3DCTRL.C	749	24	0x80000000	extern	GetTIMInfo
80015e5c	288	3DCTRL.C	759	80	0x801f0000	extern	LoadTIMpack
80015f7c	124	3DCTRL.C	802	32	0x80000000	extern	GetTIMpackInfo
80015ff8	104	AUDIO.C	28	24	0x80000000	extern	InitSoundEffect
80016060	188	AUDIO.C	40	32	0x80070000	extern	SetupSE
8001611c	80	AUDIO.C	61	24	0x80010000	extern	DisposeSE
8001616c	284	AUDIO.C	72	40	0x80010000	extern	PlaySE
80016288	60	AUDIO.C	94	24	0x80000000	extern	StopSE
800162c4	352	FILEIO.C	62	24	0x80010000	extern	InitFileSystem
80016424	60	FILEIO.C	106	24	0x80000000	extern	InitAccessInfo
80016460	292	FILEIO.C	115	240	0x80010000	static	cbAccess
80016584	60	FILEIO.C	144	24	0x80000000	extern	PrepareAccess
800165c0	232	FILEIO.C	156	24	0x80010000	extern	FileRead
800166a8	56	FILEIO.C	185	280	0x80000000	extern	PathFileRead
800166e0	128	FILEIO.C	197	32	0x80070000	extern	FileWrite
80016760	260	FILEIO.C	214	32	0x80070000	extern	LoadFromDEVPC
80016864	868	FILEIO.C	247	64	0x801f0000	extern	LoadFromMEMORY
80016bc8	6464	FILEIO.C	296	40	0x800f0000	extern	LoadFromCDROM
80018508	180	CONFLICT.C	47	32	0x80030000	extern	LoadAreaMap
800185bc	60	CONFLICT.C	74	24	0x80000000	extern	DisposeAreaMap
800185f8	416	CONFLICT.C	83	0	0x00000000	extern	ComputeAreaLevel
80018798	1128	CONFLICT.C	107	64	0xc0ff0000	extern	GetAreaMapLevel
80018c00	584	CONFLICT.C	180	64	0xc0ff0000	extern	GetAreaMapVector
80018e48	584	CONFLICT.C	223	72	0x801f0000	extern	GetAreaMapPassage
80019090	328	CONFLICT.C	260	32	0x80070000	extern	InitConflict
800191d8	328	CONFLICT.C	283	32	0x80070000	extern	InsertConflict
80019320	300	CONFLICT.C	310	0	0x00000000	extern	DeleteConflict
8001944c	832	CONFLICT.C	329	72	0x801f0000	extern	ComputeAllConflict
8001978c	388	CONFLICT.C	382	0	0x00000000	extern	GetConflictResult
80019910	84	PADCMD.C	82	24	0x80000000	extern	InitPadControl
80019964	100	PADCMD.C	109	0	0x00000000	extern	PadShock
800199c8	856	PADCMD.C	136	40	0x800f0000	extern	ComPad
80019d20	28	PADCMD.C	241	0	0x00000000	extern	PadShockAR
80019d3c	372	PADCMD.C	249	24	0x80010000	extern	PadProc
80019eb0	92	PADCMD.C	276	24	0x80010000	extern	GetRealPad
80019f0c	72	PADCMD.C	285	8	0x00000000	extern	GetPadXY
80019f54	84	PADCMD.C	293	8	0x00000000	extern	GetPad
80019fa8	172	PADCMD.C	311	0	0x00000000	extern	SetPad
8001a054	280	PADCMD.C	333	0	0x00000000	extern	GetCommand
8001a16c	260	PADCMD.C	359	0	0x00000000	extern	SetCommand
8001a270	244	ACTION.C	77	24	0x80010000	extern	LoadMotion
8001a364	364	ACTION.C	100	24	0x80000000	extern	SearchMotion
8001a4d0	144	ACTION.C	126	40	0x800f0000	extern	SetupMotionRegist
8001a560	160	ACTION.C	139	32	0x80070000	extern	SetupMotionManager
8001a600	60	ACTION.C	160	24	0x80010000	extern	DisposeMotionManager
8001a63c	116	ACTION.C	169	0	0x00000000	extern	GetMotionID
8001a6b0	636	ACTION.C	182	24	0x80010000	extern	UpdateMotion
8001a92c	192	ACTION.C	220	24	0x80010000	extern	PlayMotion
8001a9ec	340	ACTION.C	242	32	0x80070000	extern	HoldMotion
8001ab40	988	ACTION.C	272	40	0x800f0000	extern	SweepMotion
8001af1c	456	ACTION.C	307	48	0x800f0000	extern	ActiveMotion
8001b0e4	232	ACTION.C	344	40	0x800f0000	extern	SetupSpline
8001b1cc	432	ACTION.C	365	0	0x00000000	extern	UpdateSplineControl
8001b37c	648	ACTION.C	388	32	0x80070000	extern	GetSpline
8001b604	292	MOTION.C	145	24	0x80000000	extern	HumanActionControl
8001b728	144	MOTION.C	173	24	0x80000000	extern	MotionAndMove
8001b7b8	180	MOTION.C	188	32	0x80070000	extern	SetNowMotion
8001b86c	192	MOTION.C	200	32	0x80070000	extern	NowReturnNormal
8001b92c	100	MOTION.C	210	24	0x80000000	extern	ReturnNormal
8001b990	664	MOTION.C	219	40	0x80010000	extern	SwimCheck
8001bc28	572	MOTION.C	256	40	0x80000000	extern	FallCheck
8001be64	1120	MOTION.C	291	56	0x801f0000	extern	HangCheck
8001c2c4	260	MOTION.C	346	32	0x80010000	extern	StickonCheck
8001c3c8	604	MOTION.C	367	24	0x80000000	extern	JumpControl
8001c624	4652	MOTION.C	408	72	0x803f0000	extern	DamageControl
8001d850	1020	MOTION.C	648	48	0x80030000	extern	AttackControl
8001dc4c	384	MOTION.C	726	24	0x80010000	extern	AttackCancelControl
8001ddcc	460	MOTION.C	755	24	0x80000000	extern	AttackContinuousCheck
8001df98	664	MOTION.C	771	56	0x803f0000	extern	WeaponHitWeapon
8001e230	348	MOTION.C	800	72	0x80000000	extern	AttackBowControl
8001e38c	148	MOTION.C	832	64	0x80000000	extern	AttackGunControl
8001e420	168	MOTION.C	849	24	0x80000000	extern	AttackPQD
8001e4c8	208	MOTION.C	876	72	0x80000000	extern	AttackFire
8001e598	196	MOTION.C	896	24	0x80000000	extern	ItemControl
8001e65c	972	MOTION.C	916	24	0x80010000	extern	ActNORMAL
8001ea28	804	MOTION.C	963	24	0x80010000	extern	ActACTION
8001ed4c	748	MOTION.C	994	24	0x80010000	extern	ActMOVE
8001f038	1240	MOTION.C	1030	32	0x80030000	extern	ActSWIM
8001f510	1944	MOTION.C	1091	88	0x80010000	extern	ActKAGI
8001fca8	1236	MOTION.C	1181	24	0x80010000	extern	ActENGAGE
8002017c	1360	MOTION.C	1241	32	0x80030000	extern	ActCHASE
800206cc	5548	MOTION.C	1306	128	0x80030000	extern	ActATTACK
80021c78	2332	MOTION.C	1507	24	0x80010000	extern	ActSTATE
80022594	1460	MOTION.C	1590	56	0x80010000	extern	ActJUMP
80022b48	704	MOTION.C	1663	32	0x80010000	extern	ActHANG
80022e08	1368	MOTION.C	1712	40	0x80030000	extern	ActSQUAT
80023360	1776	MOTION.C	1799	40	0x80070000	extern	ActSTICKON
80023a50	8	MOTION.C	1903	0	0x00000000	extern	ActCEILHANG
80023a58	704	MOTION.C	1908	64	0x80010000	extern	ActSYURI
80023d18	548	MOTION.C	1949	64	0x80000000	extern	ActITEM
80023f3c	1140	MOTION.C	1989	24	0x80010000	extern	ActDAMAGE
800243b0	1068	MOTION.C	2046	64	0x800f0000	extern	ActDEAD
800247dc	444	HUMAN.C	36	32	0x80030000	extern	CreateHumanoid
80024998	72	HUMAN.C	71	24	0x80010000	extern	KillAllHumanoid
800249e0	244	HUMAN.C	78	24	0x80010000	extern	KillHumanoid
80024ad4	116	HUMAN.C	97	32	0x80030000	extern	ControlAllHumanoid
80024b48	632	HUMAN.C	107	72	0x80070000	extern	ControlHumanoid
80024dc0	2320	HUMAN.C	155	120	0x80ff0000	extern	DefaultActionHumanoid
800256d0	116	HUMAN.C	334	0	0x00000000	extern	GetHumanoid
80025744	312	HUMAN.C	349	48	0x807f0000	extern	MoveHumanoid
8002587c	208	HUMAN.C	370	40	0x800f0000	extern	GetMoveSpeed
8002594c	108	HUMAN.C	381	24	0x80010000	extern	GetDirection
800259b8	212	HUMAN.C	394	40	0x800f0000	extern	GetTargetDistance
80025a8c	368	HUMAN.C	408	48	0x807f0000	extern	GetNearestHumanoid
80025bfc	940	HUMAN.C	436	64	0x801f0000	extern	SearchTarget
80025fa8	216	HUMAN.C	488	32	0x80030000	extern	SetupTraceLine
80026080	144	HUMAN.C	510	0	0x00000000	extern	RestartTraceLine
80026110	464	HUMAN.C	526	48	0x807f0000	extern	ControlTraceLine
800262e0	948	APPEAR.C	109	160	0xc0ff0000	extern	SetupAppearance
80026694	428	APPEAR.C	173	32	0x80070000	extern	SetupCharacterParameter
80026840	592	APPEAR.C	202	160	0x80ff0000	extern	BreedLife
80026a90	144	APPEAR.C	258	24	0x80000000	extern	GetAttackDBID
80026b20	504	APPEAR.C	270	144	0x800f0000	extern	GetWeaponData
80026d18	1040	APPEAR.C	299	32	0x80010000	extern	SetupWeapon
80027128	108	APPEAR.C	364	32	0x80070000	extern	DisposeWeapon
80027194	184	APPEAR.C	380	0	0x00000000	extern	EquipWeapon
8002724c	1096	THINK.C	99	40	0x800f0000	extern	StateTransition
80027694	180	THINK.C	212	0	0x00000000	extern	SetupThinkFunction
80027748	8	THINK.C	229	0	0x00000000	extern	ThinkBasicNone
80027750	56	THINK.C	236	24	0x80000000	extern	ThinkBasicHuman1
80027788	36	THINK.C	247	24	0x80000000	extern	ThinkBasicHuman2
800277ac	188	THINK.C	254	24	0x80010000	extern	GotoPosition
80027868	468	THINK.C	269	48	0x803f0000	extern	ChasetoTarget
80027a3c	476	THINK_1.C	16	24	0x80010000	extern	Think1trace
80027c18	400	THINK_1.C	50	24	0x80010000	extern	Think1watch
80027da8	492	THINK_1.C	74	32	0x80030000	extern	Think1random
80027f94	8	THINK_1.C	99	0	0x00000000	extern	Think1ninja
80027f9c	128	THINK_1.C	106	0	0x00000000	extern	Think1sleep
8002801c	560	THINK_1.C	119	40	0x800f0000	extern	Think1chase
8002824c	252	THINK_1.C	154	24	0x80010000	extern	Think1target
80028348	108	THINK_2.C	14	16	0x00000000	extern	Think2confirm
800283b4	100	THINK_2.C	21	16	0x00000000	extern	Think2contact
80028418	436	THINK_3.C	31	40	0x80010000	extern	Think3callaid
800285cc	108	THINK_3.C	60	24	0x80000000	extern	Think3chase
80028638	616	THINK_3.C	70	24	0x80010000	extern	Think3attack
800288a0	200	THINK_3.C	103	0	0x00000000	extern	Think3escape
80028968	672	THINK_3.C	128	40	0x800f0000	extern	Think3area
80028c08	332	THINK_3.C	172	24	0x80000000	extern	Think3hitaway
80028d54	200	THINK_3.C	209	16	0x00000000	extern	Think3firstattack
80028e1c	444	THINK_3.C	225	24	0x80010000	static	ItemUse
80028fd8	252	THINK_3.C	247	24	0x80010000	static	SuccessionAttack
800290d4	1428	THINK_3.C	266	24	0x80010000	static	AttackShort
80029668	1192	THINK_3.C	368	24	0x80010000	static	AttackGeneral
80029b10	1180	THINK_3.C	450	24	0x80010000	static	AttackLong
80029fac	860	THINK_3.C	525	24	0x80010000	static	AttackIndirect
8002a308	340	THINK_3.C	583	24	0x80010000	static	AttackAnimal
8002a45c	436	THINK_4.C	14	24	0x80000000	extern	Think4abandon
8002a610	512	THINK_4.C	36	32	0x80070000	extern	Think4contact
8002a810	536	THINK_4.C	75	32	0x80070000	extern	Think4chase
8002aa28	116	CAMERA.C	85	24	0x80010000	extern	SetCameraMode
8002aa9c	24	CAMERA.C	99	0	0x00000000	extern	QuakeCamera
8002aab4	472	CAMERA.C	106	72	0x800f0000	extern	SnapCameraTargetVector
8002ac8c	800	CAMERA.C	377	56	0x807f0000	static	MakeDifSub
8002afac	108	CAMERA.C	418	32	0x80070000	extern	MakeDif
8002b018	896	CAMERA.C	432	88	0x807f0000	extern	AntiWall
8002b398	1124	CAMERA.C	533	104	0xc0ff0000	static	MakeCameraPosition
8002b7fc	1896	CAMERA.C	603	200	0x803f0000	extern	CameraType1
8002bf64	948	CAMERA.C	784	72	0x80070000	extern	Camera
8002c318	1196	CAMERA.C	898	160	0x800f0000	extern	CameraDirection
8002c7c4	244	EFFECT.C	204	32	0x80010000	extern	DrawSpriteXYZ
8002c8b8	368	EFFECT.C	220	32	0x80010000	extern	CGetLevel
8002ca28	832	EFFECT.C	271	88	0x801f0000	extern	InitEffect
8002cd68	140	EFFECT.C	366	32	0x80030000	extern	DrawEffect
8002cdf4	264	EFFECT.C	442	56	0x801f0000	extern	DrawTargetS
8002cefc	176	EFFECT.C	470	96	0x801f0000	extern	RotateVector
8002cfac	176	EFFECT.C	480	88	0x801f0000	extern	RotateVectorS
8002d05c	244	EFFECT.C	493	24	0x80000000	extern	GetVectorLength
8002d150	296	EFFECT.C	509	24	0x80000000	extern	GetVectorDistance
8002d278	176	EFFECT.C	532	40	0x801f0000	extern	GetVectorRotation
8002d328	156	EFFECT.C	543	24	0x80010000	extern	GetScreenPosition
8002d3c4	60	EFFECT.C	577	24	0x80000000	extern	PrepareGetScreenPositionS
8002d400	120	EFFECT.C	588	24	0x80010000	extern	GetScreenPositionS
8002d478	204	EFFECT.C	602	40	0x80030000	extern	DrawTarget
8002d544	392	EFFECT.C	614	32	0x80070000	extern	SetPadState
8002d6cc	1608	EFFECT.C	657	80	0x800f0000	extern	DrawBlood
8002dd14	656	EFFECT.C	745	64	0xc0ff0000	extern	SetBlood
8002dfa4	484	EFFECT.C	794	40	0x800f0000	static	DrawSmoke
8002e188	700	EFFECT.C	835	56	0x80ff0000	extern	SetSmoke
8002e444	420	EFFECT.C	858	48	0x807f0000	extern	SetSmokeS
8002e5e8	116	EFFECT.C	893	0	0x00000000	extern	SetImpact
8002e65c	532	EFFECT.C	910	40	0x80030000	static	DrawBleed
8002e870	176	EFFECT.C	946	0	0x00000000	extern	SetBleed
8002e920	1012	EFFECT.C	963	88	0xc0ff0000	extern	SetBleeds
8002ed14	928	EFFECT.C	978	88	0x800f0000	static	DrawSplash
8002f0b4	120	EFFECT.C	1023	0	0x00000000	extern	SetSplash
8002f12c	852	EFFECT.C	1044	104	0x800f0000	static	DrawFrame
8002f480	120	EFFECT.C	1095	0	0x00000000	extern	SetFrame
8002f4f8	788	EFFECT.C	1115	88	0xc0ff0000	extern	SetBleedsDir
8002f80c	640	EFFECT.C	1131	56	0x80030000	static	DrawGore
8002fa8c	160	EFFECT.C	1161	0	0x00000000	extern	SetGore
8002fb2c	472	EFFECT.C	1177	32	0x80010000	static	DrawExplosion
8002fd04	312	EFFECT.C	1236	48	0x800f0000	extern	SetExplosion
8002fe3c	312	EFFECT.C	1258	32	0x80010000	static	DrawHinoko
8002ff74	656	EFFECT.C	1321	48	0x807f0000	extern	SetHinoko
80030204	584	EFFECT.C	1346	72	0x80030000	static	DrawFlyWire
8003044c	900	EFFECT.C	1384	48	0x803f0000	extern	SetFlyWire
800307d0	1508	EFFECT.C	1428	120	0xc0ff0000	extern	SetWire
80030db4	1404	EFFECT.C	1500	152	0xc0ff0000	static	SetLightningI
80031330	68	EFFECT.C	1562	32	0x80000000	extern	SetLightning
80031374	1648	EFFECT.C	1572	168	0x80070000	extern	DrawShadow
800319e4	388	EFFECT.C	1667	40	0x800f0000	extern	SetupAfterimage
80031b68	72	EFFECT.C	1706	24	0x80010000	extern	DisposeAfterimage
80031bb0	660	EFFECT.C	1717	72	0x800f0000	extern	DrawAfterimage
80031e44	52	EFFECT.C	1770	0	0x00000000	extern	SetPolyXF4
80031e78	68	EFFECT.C	1780	32	0x80030000	extern	AddXF4
80031ebc	52	EFFECT.C	1785	24	0x80010000	extern	DrawXF4
80031ef0	52	EFFECT.C	1793	0	0x00000000	extern	SetPolyXG4
80031f24	68	EFFECT.C	1803	32	0x80030000	extern	AddXG4
80031f68	52	EFFECT.C	1808	24	0x80010000	extern	DrawXG4
80031f9c	428	EFFECT.C	1816	296	0x803f0000	extern	FadeOutDirect
80032148	380	EFFECT.C	1853	64	0xc0ff0000	extern	SetupTexScroll
800322c4	412	EFFECT.C	1884	32	0x80030000	extern	UpdateTexScroll
80032460	236	EFFECT.C	876	32	0x80070000	static	DrawImpact
8003254c	868	WORLD.C	139	208	0x803f0000	extern	CreateStage
800328b0	620	WORLD.C	259	48	0x807f0000	extern	LoadOrnamentArchive
80032b1c	140	WORLD.C	319	32	0x80030000	extern	DisposeOrnamentArchive
80032ba8	420	WORLD.C	390	0	0x00000000	static	GetCenterAndSize
80032d4c	2660	WORLD.C	436	416	0xc0ff0000	static	LoadConstruction
800337b0	376	WORLD.C	661	24	0x00000000	static	PointInTri
80033928	412	WORLD.C	685	32	0x80030000	extern	IsVisible
80033ac4	384	WORLD.C	752	48	0x80070000	extern	ActivateHumans
80033c44	2448	WORLD.C	798	1920	0xc0ff0000	extern	DrawConstruction
800345d4	44	WORLD.C	1054	0	0x00000000	extern	leResetEnemyLayout
80034600	68	WORLD.C	1065	24	0x80000000	extern	leClearLayout
80034644	420	WORLD.C	1099	88	0x807f0000	extern	leFindEnemy
800347e8	144	WORLD.C	1134	0	0x00000000	extern	leSetEnemy
80034878	60	WORLD.C	1186	24	0x80010000	static	DestroyTraceLine
800348b4	792	WORLD.C	1197	104	0x803f0000	extern	leLayoutEnemy
80034bcc	88	WORLD.C	1259	24	0x80000000	extern	leRemoveEnemy
80034c24	212	WORLD.C	1275	24	0x80000000	extern	lePackEnemyLayout
80034cf8	164	WORLD.C	1286	0	0x00000000	extern	leRestoreEnemyLayout
80034d9c	44	WORLD.C	1293	0	0x00000000	extern	leResetPath
80034dc8	244	WORLD.C	1303	56	0x80070000	extern	leAddPath
80034ebc	960	WORLD.C	1329	0	0x00000000	extern	jt_init4
8003527c	844	ITEM.C	352	136	0xc0ff0000	static	SearchItemTarget2
800355c8	148	ITEM.C	461	32	0x80030000	extern	ClearItemLayout
8003565c	184	ITEM.C	473	224	0x80000000	extern	PackItemLayout
80035714	300	ITEM.C	507	288	0x800f0000	extern	RestoreItemLayout
80035840	320	ITEM.C	533	32	0x80070000	extern	InitializeItem
80035980	244	ITEM.C	577	24	0x80010000	extern	GetFreeItemSlot
80035a74	76	ITEM.C	601	0	0x00000000	extern	GetItemType
80035ac0	204	ITEM.C	617	24	0x80000000	extern	RequestItem
80035b8c	1148	ITEM.C	663	64	0x80070000	static	MoveKorogari
80036008	488	ITEM.C	742	24	0x80000000	static	MoveFly
800361f0	648	ITEM.C	792	48	0x807f0000	static	SetupFly
80036478	1328	ITEM.C	835	40	0x801f0000	extern	ProcItemDrop
800369a8	460	ITEM.C	907	32	0x80070000	extern	ReqItemDrop
80036b74	580	ITEM.C	939	128	0x80030000	extern	ProcSightShot
80036db8	436	ITEM.C	1026	40	0x80070000	extern	ProcKaginawa
80036f6c	376	ITEM.C	1097	48	0x800f0000	extern	ProcItemTeleport
800370e4	92	ITEM.C	1140	64	0x80000000	extern	ReqItemStay
80037140	680	ITEM.C	1171	48	0x801f0000	extern	ProcItemMakibishi
800373e8	476	ITEM.C	1235	32	0x80070000	extern	ReqItemMakibishi
800375c4	412	ITEM.C	1290	32	0x80030000	static	ReqItemManebue
80037760	1040	ITEM.C	1324	104	0x801f0000	extern	ProcItemShinsoku
80037b70	432	ITEM.C	1383	32	0x80070000	static	ReqItemShinsoku
80037d20	1220	ITEM.C	1400	112	0x801f0000	extern	ProcItemSmoke
800381e4	468	ITEM.C	1463	32	0x80070000	extern	ReqItemSmoke
800383b8	1676	ITEM.C	1485	80	0x801f0000	extern	ProcItemKusuri
80038a44	468	ITEM.C	1549	32	0x80070000	static	ReqItemKusuri
80038c18	784	ITEM.C	1571	80	0x803f0000	extern	ProcItemKawarimi
80038f28	468	ITEM.C	1610	32	0x80070000	static	ReqItemKawarimi
800390fc	2680	ITEM.C	1632	128	0xc0ff0000	extern	ProcItemDokudango
80039b74	492	ITEM.C	1777	32	0x80070000	static	ReqItemDokudango
80039d60	768	ITEM.C	1804	88	0x801f0000	extern	ProcItemGosin
8003a060	468	ITEM.C	1860	32	0x80070000	static	ReqItemGosin
8003a234	1768	ITEM.C	1882	112	0x803f0000	static	ProcItemNingyo
8003a91c	516	ITEM.C	2018	32	0x80070000	static	ReqItemNingyo
8003ab20	1760	ITEM.C	2060	208	0x803f0000	static	ProcItemHenshin
8003b200	428	ITEM.C	2204	32	0x80070000	static	ReqItemHenshin
8003b3ac	812	ITEM.C	2223	72	0x80070000	static	ProcItemGoshikimai
8003b6d8	460	ITEM.C	2262	32	0x80070000	static	ReqItemGoshikimai
8003b8a4	1280	ITEM.C	2287	80	0x801f0000	static	ProcItemKaengeki
8003bda4	508	ITEM.C	2344	32	0x80070000	static	ReqItemKaengeki
8003bfa0	912	ITEM.C	2368	64	0x800f0000	static	ProcItemNinken
8003c330	480	ITEM.C	2461	32	0x80070000	static	ReqItemNinken
8003c510	696	ITEM.C	2486	40	0x80070000	extern	ProcItemHappou
8003c7c8	736	ITEM.C	2541	72	0x80ff0000	static	ReqItemHappou
8003caa8	2288	ITEM.C	2586	176	0x803f0000	extern	ProcItemFire
8003d398	468	ITEM.C	2706	32	0x80070000	extern	ReqItemFire
8003d56c	1644	ITEM.C	2738	112	0x803f0000	extern	ProcItemNemuri
8003dbd8	440	ITEM.C	2835	32	0x80070000	extern	ReqItemNemuri
8003dd90	512	ITEM.C	2856	56	0x80070000	extern	ProcItemLightningBolt
8003df90	552	ITEM.C	2917	32	0x80070000	extern	ReqItemLightningBolt
8003e1b8	792	ITEM.C	2938	80	0x800f0000	extern	ProcItemGun
8003e4d0	1612	ITEM.C	3014	80	0x807f0000	extern	ProcItemNapalm
8003eb1c	1064	ITEM.C	3089	128	0x80070000	extern	ProcItemLaunch
8003ef44	464	ITEM.C	3176	48	0x807f0000	static	UpdateItemState
8003f114	168	ITEM.C	3205	32	0x80030000	extern	DoItemProc
8003f1bc	224	ITEM.C	3261	96	0x80000000	extern	ReqItemDefault
8003f29c	508	ITEM.C	3289	48	0x800f0000	extern	ReqItemLaunch
8003f498	580	ITEM.C	3328	72	0x800f0000	static	ArrangeLocalMatrix
8003f6dc	1604	ITEM.C	3367	168	0x801f0000	extern	ProcItemArrow
8003fd20	452	ITEM.C	3488	48	0x800f0000	extern	ReqItemArrow
8003fee4	144	ITEM.C	3508	32	0x80010000	static	CalcWorldVector
8003ff74	1552	ITEM.C	3527	104	0x807f0000	extern	ProcItemJirai
80040584	468	ITEM.C	3609	32	0x80070000	extern	ReqItemJirai
80040758	5908	ITEM.C	3631	440	0x80070000	extern	ReqItemUse
80041e6c	412	ITEM.C	4023	88	0x803f0000	extern	TurnAroundAllItems
80042008	264	ITEM.C	1256	24	0x80010000	static	ProcItemManebue
80042110	180	INFOVIEW.C	89	0	0x00000000	extern	ReqLifeBar
800421c4	472	INFOVIEW.C	119	64	0x80070000	extern	InitializeInfoView
8004239c	196	INFOVIEW.C	197	32	0x80070000	extern	PutNumber
80042460	408	INFOVIEW.C	218	32	0x80030000	static	PutStrain
800425f8	664	INFOVIEW.C	292	72	0x803f0000	static	PutLifeBar
80042890	148	INFOVIEW.C	328	40	0x80070000	static	PutLifeBarS
80042924	84	INFOVIEW.C	349	24	0x80000000	extern	PutItemIcon
80042978	88	INFOVIEW.C	358	24	0x80000000	extern	PutItemCursor
800429d0	504	INFOVIEW.C	366	56	0xc0ff0000	static	PutItemList
80042bc8	1324	INFOVIEW.C	525	8488	0xc0ff0000	extern	SaveSI
800430f4	464	INFOVIEW.C	618	8440	0x80070000	extern	LoadSI
800432c4	172	INFOVIEW.C	675	1016	0x80070000	extern	SelectStage
80043370	1148	INFOVIEW.C	695	2064	0xc0ff0000	static	AddEnemy
800437ec	276	INFOVIEW.C	796	592	0x800f0000	static	SelectCameraOwnerOption
80043900	640	INFOVIEW.C	849	192	0x80000000	static	LayoutEnemyOption
80043b80	436	INFOVIEW.C	958	240	0x80070000	static	AddItem2
80043d34	860	INFOVIEW.C	1021	7888	0x801f0000	static	FileOption
80044090	256	INFOVIEW.C	1144	64	0x80000000	extern	PlayerOption
80044190	144	INFOVIEW.C	1173	32	0x80070000	extern	LoadExecEx
80044220	72	INFOVIEW.C	1196	32	0x80000000	extern	DemoPatchInit
80044268	204	INFOVIEW.C	1208	40	0x80010000	extern	DemoPatchProc
80044334	400	INFOVIEW.C	1224	304	0x80030000	static	DrawPause
800444c4	608	INFOVIEW.C	1261	56	0x800f0000	static	PauseProc
80044724	492	INFOVIEW.C	1322	32	0x80070000	static	PutMap
80044910	128	INFOVIEW.C	1391	56	0x80010000	extern	ResetInfoview
80044990	1424	INFOVIEW.C	1413	344	0x80030000	extern	DoInfoViewProc
80044f20	96	MISC.C	147	32	0x80030000	extern	ResetAllMisc
80044f80	432	MISC.C	162	40	0x800f0000	extern	InitMisc
80045130	1024	MISC.C	294	40	0x800f0000	static	ProcMiscDoor
80045530	816	MISC.C	414	40	0x800f0000	static	ProcMiscPitfall
80045860	496	MISC.C	525	40	0x801f0000	static	ProcMiscSnowfall
80045a50	296	MISC.C	636	24	0x80010000	extern	AddMisc
80045b78	440	MISC.C	713	32	0x80070000	extern	DoMiscProc
80045d30	396	MISC.C	249	72	0x80070000	static	ProcMiscFire
80045ebc	252	MISC.C	582	32	0x80030000	static	ProcMiscSprite
80045fb8	112	STAGE.C	77	80	0x80000000	extern	SetupStageSequence
80046028	884	STAGE.C	93	48	0x801f0000	extern	StartStageSequence
8004639c	1144	STAGE.C	153	56	0x803f0000	extern	StageSequence
80046814	332	STAGE.C	249	32	0x80030000	extern	UpdateEvent
80046960	148	IMAGES.C	32	40	0x800f0000	extern	InitializeImage
800469f4	232	IMAGES.C	52	40	0x801f0000	extern	GetImage
80046adc	12	IMAGES.C	72	0	0x00000000	extern	GetImageReady
80046ae8	284	IMAGES.C	79	40	0x800f0000	extern	InitSprite
80046c04	292	IMAGES.C	106	40	0x801f0000	extern	SetupImageToPolyFT4
80046d28	328	IMAGES.C	129	40	0x801f0000	extern	SetupImageToPolyGT4
80046e70	192	IMAGES.C	158	24	0x80010000	extern	GetArcData
80046f30	72	IMAGES.C	428	24	0x80000000	extern	SetCDVolume
80046f78	364	IMAGES.C	438	264	0x801f0000	extern	_PlayMusic
800470e4	32	IMAGES.C	476	24	0x80000000	extern	PlayMusic
80047104	412	IMAGES.C	485	72	0x807f0000	extern	PlayVoice
800472a0	60	IMAGES.C	524	24	0x80000000	extern	PlayMusicFormID
800472dc	64	IMAGES.C	540	24	0x80000000	extern	StopMusic
8004731c	144	SEMNG.C	26	144	0x80030000	extern	SetupSoundEffect
800473ac	292	SEMNG.C	42	40	0x800f0000	extern	SoundEx
800474d0	508	SEMNG.C	61	40	0x800f0000	extern	Sound
800476cc	180	CHRANIM.C	64	88	0x80010000	extern	CVAsetup
80047780	588	CHRANIM.C	83	40	0x800f0000	extern	CVAsequence
800479cc	1320	CHRANIM.C	145	56	0x801f0000	extern	CVAupdate
80047ef4	436	CHRANIM.C	238	32	0x80070000	extern	CVArun
800480a8	436	CHRANIM.C	289	32	0x80000000	extern	AVCameraSetup
8004825c	504	CHRANIM.C	322	40	0x80070000	extern	AVCameraControl
80048454	584	CHRANIM.C	372	560	0x801f0000	extern	SetupTelop
8004869c	272	CHRANIM.C	420	32	0x80070000	extern	DrawTelop
800487ac	128	OPENING.C	196	0	0x00000000	extern	ReadSaveData
8004882c	188	OPENING.C	222	0	0x00000000	extern	WriteSaveData
800488e8	700	OPENING.C	244	56	0x80030000	extern	StartLoad
80048ba4	276	OPENING.C	302	40	0x800f0000	extern	SpWorkSet
80048cb8	272	OPENING.C	326	32	0x80030000	extern	GsSortSpriteKage
80048dc8	436	OPENING.C	351	40	0x801f0000	extern	FideOutFs
80048f7c	776	OPENING.C	383	64	0xc0ff0000	extern	FideOut
80049284	216	OPENING.C	434	40	0x801f0000	extern	FideOut2
8004935c	212	OPENING.C	455	40	0x801f0000	extern	FideOut3
80049430	23676	OPENING.C	480	128	0xc0ff0000	extern	Opening
8004f0ac	104	OPAUDIO.C	29	32	0x80030000	extern	CdaGetCurrentLength
8004f114	16	OPAUDIO.C	46	0	0x00000000	extern	CdaReady
8004f124	412	OPAUDIO.C	69	48	0x80070000	static	cbCheckCD
8004f2c0	388	OPAUDIO.C	133	96	0x807f0000	extern	CdaPlayXA
8004f444	100	OPAUDIO.C	176	24	0x80010000	extern	CdaStop
8004f4a8	280	OPMOVIE.C	129	192	0x800f0000	extern	open_stream
8004f5c0	168	OPMOVIE.C	181	32	0x80010000	extern	get_stream
8004f668	124	OPMOVIE.C	247	32	0x80000000	extern	close_stream
8004f6e4	104	OPMOVIE.C	272	0	0x00000000	static	strSetDefDecEnv
8004f74c	112	OPMOVIE.C	300	40	0x80030000	static	strInit
8004f7bc	460	OPMOVIE.C	323	136	0x80010000	extern	strCallback
8004f988	140	OPMOVIE.C	389	32	0x80070000	static	strNextVlc
8004fa14	332	OPMOVIE.C	412	48	0x80030000	static	strNext
8004fb60	160	OPMOVIE.C	457	40	0x80070000	static	strSync
8004fc00	144	OPMOVIE.C	478	40	0x80030000	static	strKickCD
8004fc90	420	MOJI.C	79	72	0x80070000	extern	InitMoji
8004fe34	64	MOJI.C	130	0	0x00000000	extern	GetKazu
8004fe74	308	MOJI.C	149	48	0x801f0000	extern	PutMojiColKage
8004ffa8	128	MOJI.C	179	32	0x80000000	extern	PutMojiCol
80050028	276	MOJI.C	203	48	0x801f0000	extern	PutMojiKage
8005013c	1240	MOJI.C	231	56	0xc0ff0000	extern	PutMoji
80050614	52	MEMCARD.C	84	32	0x80000000	extern	ChkCard
80050648	80	MEMCARD.C	95	232	0x80000000	extern	DeleteCard
80050698	52	MEMCARD.C	108	32	0x80000000	extern	FormatCard
800506cc	348	MEMCARD.C	119	8448	0x800f0000	extern	LoadCard
80050828	904	MEMCARD.C	157	8464	0x80ff0000	extern	SaveCard
80050bb0	68	START.C	51	0	0x00000000	extern	MakeArcData
80050bf4	176	START.C	65	64	0x80010000	extern	LoadTIMarc
80050ca4	1072	START.C	102	56	0x801f0000	extern	main
