#addr	size	name	source	provenance
0x80013ac0	456	valloc	main	-
0x80013c8c	516	vrealloc	main	-
0x80013e90	780	vmemoryGC	main	-
0x8001419c	84	vinit	main	-
0x800141f0	76	vgetmaxsize	main	-
0x8001423c	68	vgetfreesize	main	-
0x80014280	80	vcalloc	main	-
0x800142d0	260	vfree	main	-
0x80014400	328	InitGraphicsSystem	calls-contain	psxsym
0x8001482c	760	LoadModelArchive	main	-
0x80014cdc	420	CreateCloneModelArchive	main	-
0x80014e80	464	SetupSprite	main	-
0x800151d8	1072	SetupBG	main	-
0x80015608	116	StartDrawing	main	-
0x800156dc	120	GetAbsolutePosition	main	-
0x80015854	176	LoadModel	main	-
0x80015928	160	CreateCloneModel	main	-
0x800159c8	136	DisposeModelArchive	main	-
0x80015a50	144	LoadOrnament	main	-
0x80015b4c	128	CreateCloneOrnament	main	-
0x80015bcc	92	UpdateOrnament	main	-
0x80015c28	68	DrawBG	main	-
0x80015c6c	80	DisposeBG	main	-
0x80015d14	176	LoadTIM	main	-
0x80015dc4	276	LoadTIMpack	main	-
0x80015ed8	32	GetTIMInfo	main	-
0x80015ef8	124	GetTIMpackInfo	main	-
0x80015f74	276	cbAccess	main	-
0x80016088	272	FUN_80018f00	main	-
0x80016198	228	FileRead	main	-
0x8001627c	324	FUN_800190f4	main	-
0x800163c0	348	InitFileSystem	main	-
0x8001651c	56	PathFileRead	main	-
0x80016554	124	FileWrite	main	-
0x800165d0	172	LoadExecEx	main	-
0x8001667c	56	InitAccessInfo	main	-
0x800166b4	256	LoadFromDEVPC	main	-
0x800167b4	36	LoadFromMEMORY	main	-
0x800167d8	280	LoadFromCDROM	main	-
0x800168f0	60	PrepareAccess	main	-
0x8001692c	280	InitSprite	main	-
0x80016a44	288	SetupImageToPolyFT4	main	-
0x80016b64	324	SetupImageToPolyGT4	main	-
0x80016ca8	400	_PlayMusic	main	-
0x80016e38	756	PlayVoice	main	-
0x8001712c	164	get_tim_from_archive	main	-
0x800171d0	256	GetImage	main	-
0x800172d0	208	GetArcData	main	-
0x800173a0	172	InitializeImage	main	-
0x8001744c	160	FUN_8004f4f8	main	-
0x800174ec	68	FUN_8004f598	main	-
0x80017530	176	PlayMusicFormID	main	-
0x800175e0	52	FUN_8004f68c	main	-
0x80017614	176	FUN_8004f6c0	main	-
0x800176c4	68	FUN_8004f770	main	-
0x80017708	488	cbCheckCD	main	-
0x800178f0	356	CdaPlayXA	main	-
0x80017a54	128	CdaStop	main	-
0x80017ad4	100	CdaGetCurrentLength	main	-
0x80017b5c	104	FUN_8004fc08	main	-
0x80017d68	368	PadProc	main	-
0x80017ed8	292	GetCommand	main	-
0x80017ffc	268	SetCommand	main	-
0x8001813c	188	update_pressed_buttons	main	-
0x80018250	60	FUN_8001b2b8	main	-
0x8001828c	160	InitPadControl	main	-
0x800187a0	296	open_stream	calls-exact	psxsym
0x800188c8	124	close_stream	calls-exact	psxsym
0x800189b4	112	strInit	calls-exact	psxsym
0x80018e94	184	SetupSE	main	-
0x80018f4c	76	DisposeSE	main	-
0x8001907c	160	SetupSoundEffect	main	-
0x80020564	632	UpdateMotion	main	-
0x800207dc	336	HoldMotion	main	-
0x8002092c	984	SweepMotion	main	-
0x80020d04	452	ActiveMotion	main	-
0x80020ec8	432	UpdateSplineControl	main	-
0x800212fc	240	LoadMotion	main	-
0x800213ec	140	SetupMotionRegist	main	-
0x80021478	156	SetupMotionManager	main	-
0x80021514	56	DestroyTraceLine	main	-
0x80021514	56	DisposeMotionManager	main	-
0x8002154c	116	GetMotionID	main	-
0x800215c0	188	PlayMotion	main	-
0x8002167c	240	SetupSpline	main	-
0x8002176c	956	SaveCard	main	-
0x80021b60	148	FUN_80056e30	main	-
0x80021bf4	84	DeleteCard	main	-
0x80021c80	360	LoadCard	main	-
0x800224a8	1024	FUN_8005a7a4	main	-
0x800228a8	536	FUN_8005aba4	main	-
0x80022ac0	960	FUN_8005adbc	main	-
0x80022e80	1036	FUN_8005b17c	main	-
0x800251ac	352	calculate_score	main	-
0x8002530c	288	check_for_known_button_combination	main	-
0x80025578	352	FUN_800570b8	main	-
0x800256d8	1076	SetupTelop	main	-
0x80025b0c	76	load_font_image_into_global	main	-
0x80025b58	80	initialise_font	main	-
0x80025ba8	164	FUN_800576e8	main	-
0x80025c4c	388	FUN_8005778c	main	-
0x80025e54	88	FUN_8005e8f0	main	-
0x80025fa0	564	AfsGetEntry	main	-
0x800261d4	560	AfsFindFile	main	-
0x80026404	204	AfsOpenVolume	main	-
0x800264d0	100	AfsInit	main	-
0x80026534	80	AfsFilenameFix	main	-
0x80026584	156	AfsOpen	main	-
0x80026658	64	AfsFileSize	main	-
0x80026698	196	AfsRead	main	-
0x8002675c	180	subAfsFindFile	main	-
0x80026810	184	AfsGetHeader	main	-
0x800268c8	264	cd_open	main	-
0x800269d0	472	FUN_8005f380	main	-
0x80026be0	164	cd_read	main	-
0x80026c84	164	cd_seek	main	-
0x80026d60	40	cd_init	main	-
0x80026d88	96	cd_control	main	-
0x80026e20	36	FUN_8005f7d0	main	-
0x80026e44	356	AdtGetDisp	main	-
0x80026fa8	624	AdtMessageBox	main	-
0x8002722c	136	AdtFntOpen	main	-
0x800272b4	64	AdtFntLoad	main	-
0x800272f4	144	AdtReleaseDisp	main	-
0x8002738c	252	AdtVsprintf	main	-
0x80027488	80	FUN_8005fe38	main	-
0x800274d8	68	FUN_8005fe88	main	-
0x8002751c	776	AdtSelect	main	-
0x80027854	32	PCopen	main	-
0x80027884	36	PClseek	main	-
0x800278a8	32	PCcreat	main	-
0x800278c8	168	__SN_ENTRY_POINT	main	-
0x80027970	112	__main	main	-
0x800279e0	104	__do_global_dtors	main	-
0x80027c14	44	StSetRing	demo	ghidra
0x80027c44	128	CdInit	main	-
0x80027cd4	44	EVENT_OBJ_90	main	-
0x80027de0	108	CdReset	main	-
0x80027f50	316	CdControl	main	-
0x8002808c	308	CdControlF	main	-
0x800281c0	332	CdControlB	main	-
0x8002830c	32	CdMix	main	-
0x800283b0	260	CdIntToPos	main	-
0x800284b4	128	CdPosToInt	main	-
0x80028534	1372	FUN_80060ea4	main	-
0x80028a90	640	CD_sync	main	-
0x80028d10	712	CD_ready	main	-
0x80028fd8	1036	CD_cw	main	-
0x800293e4	136	CD_vol	main	-
0x8002946c	212	CD_flush	main	-
0x80029540	240	CD_initvol	main	-
0x80029630	76	CD_initintr	main	-
0x8002967c	480	CD_init	main	-
0x8002985c	360	CD_datasync	main	-
0x800299c4	256	CD_getsector	main	-
0x80029ac4	236	CD_getsector2	main	-
0x80029bbc	216	FUN_8006252c	main	-
0x80029c94	264	CdSearchFile	main	-
0x80029d9c	412	ISO9660_OBJ_108	main	-
0x80029f6c	32	ISO9660_OBJ_2D8	main	-
0x80029f8c	668	ISO9660_OBJ_2F8	main	-
0x8002a250	132	ISO9660_OBJ_5BC	main	-
0x8002a2f4	372	ISO9660_OBJ_660	main	-
0x8002a484	228	ISO9660_OBJ_7F0	main	-
0x8002a590	104	ISO9660_OBJ_8FC	main	-
0x8002a604	52	CDR_1_OBJ_0	main	-
0x8002a638	160	CDR_1_OBJ_34	main	-
0x8002a6d8	196	CDR_1_OBJ_D4	main	-
0x8002a7a0	268	CDR_1_OBJ_19C	main	-
0x8002a8ac	208	CDR_1_OBJ_2A8	main	-
0x8002a97c	464	CDR_1_OBJ_378	main	-
0x8002ab64	212	CdReadBreak	main	-
0x8002ac38	184	CDR_1_OBJ_634	main	-
0x8002ad04	124	CdRead	main	-
0x8002ad80	72	CDR_1_OBJ_77C	main	-
0x8002adf4	172	CDR_1_OBJ_7F0	main	-
0x8002aea0	152	CdReadSync	main	-
0x8002af38	108	CDR_1_OBJ_934	main	-
0x8002b084	376	CdReadFile	main	-
0x8002b1fc	216	CdReadExec	main	-
0x8002b2d4	96	StClearRing	demo	ghidra
0x8002b334	128	StUnSetRing	demo	ghidra
0x8002b3d4	140	data_ready_callback	demo	ghidra
0x8002b460	88	StGetBackloc	demo	ghidra
0x8002b4c4	132	StSetStream	demo	ghidra
0x8002b554	172	StFreeRing	demo	ghidra
0x8002c214	796	FUN_80063b94	main	-
0x8002c530	416	GsInitFixBg16	main	-
0x8002c6f4	452	GsSortPoly	main	-
0x8002c8c4	152	_make_packet	main	-
0x8002c964	576	GsSortSprite	main	-
0x8002cba4	328	_2D_SP0_OBJ_240	main	-
0x8002ccec	64	_2D_SP0_OBJ_388	main	-
0x8002cd2c	248	_2D_SP0_OBJ_3C8	main	-
0x8002ce24	56	_2D_SP0_OBJ_4C0	main	-
0x8002ce64	116	GsInitGraph	main	-
0x8002ced8	284	GS_001_OBJ_74	main	-
0x8002cff4	104	GsInitGraph2	main	-
0x8002d05c	544	GS_001_OBJ_1F8	main	-
0x8002d27c	264	GsSortClear	main	-
0x8002d384	48	GS_001_OBJ_520	main	-
0x8002d3c4	244	GsSetDrawBuffOffset	main	-
0x8002d4d4	120	GsSetDrawBuffClip	main	-
0x8002d554	164	GsSwapDispBuff	main	-
0x8002d604	112	GsInitCoordinate2	main	-
0x8002d674	44	GsInitCoord2param	main	-
0x8002d6cc	148	GsSetLightMatrix	main	-
0x8002d760	48	GsSetLightMatrix2	main	-
0x8002d790	144	GsMulCoord0	main	-
0x8002d820	128	GsMulCoord2	main	-
0x8002d8a0	128	GsMulCoord3	main	-
0x8002d920	112	print_matrix	main	-
0x8002d990	48	print_vector	main	-
0x8002d9d4	120	GsDefDispBuff	main	-
0x8002da74	116	GsInit3D	main	-
0x8002daf4	112	GsMapModelingData	main	-
0x8002db84	1092	GsSetFlatLight	main	-
0x8002dfc8	116	GS_107_OBJ_444	main	-
0x8002e03c	100	GS_107_OBJ_4B8	main	-
0x8002e0a0	76	GS_107_OBJ_51C	main	-
0x8002e0f4	96	GsSetLightMode	main	-
0x8002e174	76	GsSetFogParam	main	-
0x8002e1c4	40	GsSetAmbient	main	-
0x8002e1f4	36	GsDrawOt	main	-
0x8002e224	88	GsClearOt	main	-
0x8002e284	76	gte_init	main	-
0x8002e2d4	220	GsGetTimInfo	main	-
0x8002e3c4	124	Gssub_make_matrix	main	-
0x8002e4b4	976	GsSetRefView2	main	-
0x8002e884	212	GS_131_OBJ_3D0	main	-
0x8002e970	200	GS_131_OBJ_4BC	main	-
0x8002ea54	180	gte_rotate_z_matrix	main	-
0x8002ed30	156	GS_133_OBJ_21C	main	-
0x8002eff0	172	GS_134_OBJ_21C	main	-
0x8002f0a4	204	GsLinkObject4	main	-
0x8002f1e8	64	OBJT_OBJ_144	main	-
0x8002f234	224	GsSortObject4	main	-
0x8002f314	248	OBJT2_OBJ_E0	main	-
0x8002f40c	116	switchD_80068cc4__caseD_20	main	-
0x8002f4c4	200	switchD_80068cc4__caseD_30	main	-
0x8002f58c	100	switchD_80068cc4__caseD_34	main	-
0x8002f5f0	172	switchD_80068cc4__caseD_28	main	-
0x8002f6e0	172	switchD_80068cc4__caseD_38	main	-
0x8002f78c	104	switchD_80068cc4__caseD_3c	main	-
0x8002f7f4	44	switchD_80068cc4__caseD_21	main	-
0x8002f84c	40	OBJT2_OBJ_618	main	-
0x8002f8a0	48	OBJT2_OBJ_66C	main	-
0x8002f920	84	switchD_80068cc4__caseD_35	main	-
0x8002f9f0	40	OBJT2_OBJ_7BC	main	-
0x8002fa18	84	switchD_80068cc4__caseD_3d	main	-
0x8002fa8c	56	OBJT2_OBJ_858	main	-
0x8002fac4	508	GsTMDfastG3GL	demo	ghidra
0x8002fcc4	508	GsTMDfastG3GLFG	demo	ghidra
0x8002fec4	356	GsTMDfastG3GNL	demo	ghidra
0x80030034	532	GsTMDfastF3GL	demo	ghidra
0x80030254	532	GsTMDfastF3GLFG	demo	ghidra
0x80030474	376	GsTMDfastF3GNL	demo	ghidra
0x800305f4	656	GsTMDfastF4GL	demo	ghidra
0x80030ce4	632	GsTMDfastG4GL	demo	ghidra
0x80030f64	632	GsTMDfastG4GLFG	demo	ghidra
0x800311e4	440	GsTMDfastG4GNL	demo	ghidra
0x800313a4	136	SsEnd	main	-
0x8003142c	36	SSEND_OBJ_88	main	-
0x80031454	56	SsInit	main	-
0x80031494	232	_SsInit	main	-
0x800315a4	192	SsSetSerialAttr	main	-
0x80031664	80	SsSetMVol	main	-
0x800316b4	192	SSSTART_OBJ_0	main	-
0x80031774	176	SSSTART_OBJ_C0	main	-
0x80031824	152	SSSTART_OBJ_170	main	-
0x800318e4	32	SsStart	main	-
0x80031924	76	SSSTART_OBJ_270	main	-
0x80031970	56	SSSTART_OBJ_2BC	main	-
0x800319c4	116	SetRCnt	main	-
0x80031a38	32	COUNTER_OBJ_74	main	-
0x80031a60	48	GetRCnt	main	-
0x80031a98	48	StartRCnt	main	-
0x80031ac8	52	StopRCnt	main	-
0x80031afc	44	ResetRCnt	main	-
0x80031b34	624	SsSeqCalledTbyT	main	-
0x80031da4	440	_SsSndCrescendo	main	-
0x80031f5c	80	CRES_OBJ_1B8	main	-
0x80031fb4	152	_SsSndPause	main	-
0x80032084	220	_SsSeqPlay	main	-
0x80032180	264	_SsSeqGetEof	main	-
0x80032358	84	MIDIREAD_OBJ_2D4	main	-
0x800323c4	696	_SsGetSeqData	main	-
0x80032774	164	_SsReadDeltaValue	main	-
0x80032824	252	_SsSndNextSep	main	-
0x80032924	96	_SsSndReplay	main	-
0x80032984	384	_SsSndStop	main	-
0x80032b04	40	SsSeqStop	main	-
0x80032b64	260	SsSetSerialVol	main	-
0x80032c74	76	SsSetTickMode	main	-
0x80032cc0	56	SSTICK_OBJ_4C	main	-
0x80032cf8	36	switchD_80070350__caseD_4	main	-
0x80032d1c	32	switchD_80070350__caseD_1	main	-
0x80032d74	36	switchD_80070350__caseD_0	main	-
0x80032dc4	292	_SsSndTempo	main	-
0x80032ef4	212	TEMPO_OBJ_130	main	-
0x80032fe4	320	SsUtAllKeyOff	main	-
0x80033124	100	SsUtAutoPan	main	-
0x80033194	840	SsUtKeyOnV	main	-
0x800334dc	116	SsUtKeyOffV	main	-
0x80033554	464	FUN_80070bb4	main	-
0x80033724	620	SeAutoPan	main	-
0x80033990	856	SetAutoPan	main	-
0x80033d04	1156	_SsVmFlush	main	-
0x80034194	836	_SsVmInit	main	-
0x800344e4	52	note2pitch	main	-
0x80034518	104	note2pitch2	main	-
0x80034580	288	SsPitchFromNote	main	-
0x800346a4	1408	vmNoiseOn	main	-
0x80034c24	204	_SsVmKeyOffNow	main	-
0x80034cf4	1232	_SsVmKeyOnNow	main	-
0x800351c4	1412	_SsVmSetSeqVol	main	-
0x80035748	100	_SsVmGetSeqVol	main	-
0x8003583c	184	_SsVmSeqKeyOff	main	-
0x800358f4	184	_SsVmVSetUp	main	-
0x800359d4	128	SsVabClose	main	-
0x80035a54	52	SsVabOpenHead	main	-
0x80035a88	104	VS_VH2_OBJ_34	main	-
0x80035b64	984	_SsVabOpenHeadWithMode	main	-
0x80035f44	164	SsVabTransBody	main	-
0x80036004	40	SsVabTransCompleted	main	-
0x80036054	232	_SpuInit	main	-
0x8003613c	112	SpuStart	main	-
0x800361d4	212	_spu_init	main	-
0x800362a8	428	SPU_OBJ_D4	main	-
0x80036454	272	SPU_OBJ_280	main	-
0x80036564	148	SPU_OBJ_390	main	-
0x80036614	172	_spu_FiDMA	main	-
0x800366d0	168	_spu_Fr_	main	-
0x80036778	488	_spu_t	main	-
0x80036960	136	SPU_OBJ_78C	main	-
0x800369f8	112	_spu_Fw	main	-
0x80036a7c	100	_spu_Fr	main	-
0x80036ae0	60	_spu_FsetRXX	main	-
0x80036b24	156	_spu_FsetRXXa	main	-
0x80036bc8	52	_spu_FgetRXXa	main	-
0x80036c04	76	_spu_FsetPCR	main	-
0x80036cac	64	_spu_Fw1ts	main	-
0x80036d44	116	SpuQuit	main	-
0x80036de4	76	SpuInitMalloc	main	-
0x80036e44	84	SpuMalloc	main	-
0x80036e98	216	S_M_M_OBJ_54	main	-
0x80036f70	380	S_M_M_OBJ_12C	main	-
0x80037114	84	_spu_gcSPU	main	-
0x80037168	112	S_M_INT_OBJ_54	main	-
0x800371d8	428	S_M_INT_OBJ_C4	main	-
0x80037384	144	S_M_INT_OBJ_270	main	-
0x80037414	100	SpuFree	main	-
0x800374c4	304	_SpuSetAnyVoice	main	-
0x80037784	72	SpuSetNoiseClock	main	-
0x80037804	156	SpuClearReverbWorkArea	main	-
0x800378a0	212	S_CRWA_OBJ_9C	main	-
0x800379b4	44	_SpuIsInAllocateArea	main	-
0x80037a34	56	_SpuIsInAllocateArea_	main	-
0x80037ac4	428	SpuSetKey	main	-
0x80037c84	92	SpuRead	main	-
0x80037ce4	76	SpuSetTransferStartAddr	main	-
0x80037d74	136	SpuIsTransferCompleted	main	-
0x80037e34	40	FUN_80075494	main	-
0x80037e74	88	SpuSetCommonAttr	main	-
0x80037f0c	128	S_SCA_OBJ_98	main	-
0x80037fcc	284	S_SCA_OBJ_158	main	-
0x800381f4	316	SpuSetVoiceAttr	main	-
0x80038394	124	S_SVA_OBJ_1A0	main	-
0x80038474	512	S_SVA_OBJ_280	main	-
0x80038674	320	S_SVA_OBJ_480	main	-
0x800387b4	56	S_SVA_OBJ_5C0	main	-
0x800387f4	200	_spu_note2pitch	main	-
0x800388c4	136	_spu_pitch2note	main	-
0x8003894c	104	S_N2P_OBJ_158	main	-
0x800389b4	64	S_N2P_OBJ_1C0	main	-
0x80038ae4	148	sprintf	demo	ghidra
0x80038b78	300	SPRINTF_OBJ_94	demo	ghidra
0x80038ca4	156	SPRINTF_OBJ_1BC	main	-
0x80038d40	68	SPRINTF_OBJ_258	main	-
0x80038d84	36	SPRINTF_OBJ_2A0	demo	ghidra
0x80038dcc	32	SPRINTF_OBJ_2E4	main	-
0x80038dec	88	SPRINTF_OBJ_308	demo	ghidra
0x80038e44	52	switchD_8007710c__caseD_75	main	-
0x80038e78	236	SPRINTF_OBJ_394	demo	ghidra
0x80038f64	256	SPRINTF_OBJ_480	demo	ghidra
0x8003908c	256	SPRINTF_OBJ_5A8	demo	ghidra
0x8003918c	32	switchD_8007710c__caseD_63	main	-
0x800391ac	140	switchD_8007710c__caseD_73	main	-
0x80039238	52	switchD_8007710c__caseD_6e	main	-
0x80039284	140	SPRINTF_OBJ_7A0	demo	ghidra
0x80039310	88	SPRINTF_OBJ_82C	demo	ghidra
0x80039384	100	memmove	main	-
0x800393f4	44	rsin	main	-
0x80039430	136	sin_1	main	-
0x800394c4	152	rcos	main	-
0x8003956c	128	InitGeom	main	-
0x800395f4	132	SquareRoot0	main	-
0x80039684	268	MulMatrix0	main	-
0x80039794	352	ApplyMatrixLV	main	-
0x800398f4	164	PushMatrix	main	-
0x80039998	164	PopMatrix	main	-
0x80039a44	268	MulMatrix	main	-
0x80039b54	268	MulMatrix2	main	-
0x80039c64	36	TransMatrix	main	-
0x80039c94	312	ScaleMatrix	main	-
0x80039dd4	48	SetRotMatrix	main	-
0x80039e04	48	SetLightMatrix	main	-
0x80039e34	48	SetColorMatrix	main	-
0x80039e64	32	SetTransMatrix	main	-
0x80039eb4	32	SetVertexTri	main	-
0x80039fa4	32	SetBackColor	main	-
0x80039fc4	32	SetFarColor	main	-
0x8003a014	44	RotTransPers	main	-
0x8003a044	40	RotTrans	main	-
0x8003a074	120	RotTransPers4	main	-
0x8003a0f4	64	TransposeMatrix	main	-
0x8003a134	100	RotMatrix	main	-
0x8003a198	104	FGO_01_OBJ_64	main	-
0x8003a200	148	FGO_01_OBJ_CC	main	-
0x8003a294	300	FGO_01_OBJ_160	main	-
0x8003a3c4	104	RotMatrixYXZ	main	-
0x8003a42c	100	FGO_02_OBJ_68	main	-
0x8003a490	148	FGO_02_OBJ_CC	main	-
0x8003a524	300	FGO_02_OBJ_160	main	-
0x8003a654	316	GsTMDfastNF3	main	-
0x8003a790	320	GsTMDfastF3NL	main	-
0x8003a8d0	328	GsTMDfastF3L	main	-
0x8003aa18	328	GsTMDfastF3LFG	main	-
0x8003ab64	360	GsTMDfastNF4	main	-
0x8003accc	364	GsTMDfastF4NL	main	-
0x8003ae38	376	GsTMDfastF4L	main	-
0x8003afb0	376	GsTMDfastF4LFG	main	-
0x8003b134	328	GsTMDfastNG3	main	-
0x8003b27c	320	GsTMDfastG3NL	main	-
0x8003b3bc	400	GsTMDfastG3L	main	-
0x8003b54c	400	GsTMDfastG3LFG	main	-
0x8003b6e4	384	GsTMDfastNG4	main	-
0x8003b864	372	GsTMDfastG4NL	main	-
0x8003b9d8	480	GsTMDfastG4L	main	-
0x8003bbb8	480	GsTMDfastG4LFG	main	-
0x8003bda4	364	GsTMDfastTNF3	main	-
0x8003bf10	356	GsTMDfastTF3NL	main	-
0x8003c074	368	GsTMDfastTF3L	main	-
0x8003c1e4	368	GsTMDfastTF3LFG	main	-
0x8003c354	416	GsTMDfastTNF4	main	-
0x8003c4f4	412	GsTMDfastTF4NL	main	-
0x8003c690	428	GsTMDfastTF4L	main	-
0x8003c83c	428	GsTMDfastTF4LFG	main	-
0x8003c9f4	376	GsTMDfastTNG3	main	-
0x8003cb6c	348	GsTMDfastTG3NL	main	-
0x8003ccc8	436	GsTMDfastTG3L	main	-
0x8003ce7c	436	GsTMDfastTG3LFG	main	-
0x8003d034	444	GsTMDfastTNG4	main	-
0x8003d1f0	408	GsTMDfastTG4NL	main	-
0x8003d388	524	GsTMDfastTG4L	main	-
0x8003d594	524	GsTMDfastTG4LFG	main	-
0x80045244	172	_patch_gte	main	-
0x80045334	164	VSync	main	-
0x800453d8	192	VSYNC_OBJ_A4	main	-
0x800454ac	136	VSYNC_OBJ_178	main	-
0x800455e4	52	VSyncCallback	main	-
0x800456e8	216	INTR_OBJ_194	main	-
0x800457c0	420	INTR_OBJ_26C	main	-
0x80045964	44	INTR_OBJ_410	main	-
0x80045990	176	INTR_OBJ_43C	main	-
0x80045a40	152	INTR_OBJ_4EC	main	-
0x80045ad8	160	INTR_OBJ_584	main	-
0x80045b78	104	INTR_OBJ_624	main	-
0x80045c74	88	startIntrVSync	main	-
0x80045ccc	108	INTR_VB_OBJ_58	main	-
0x80045d38	44	INTR_VB_OBJ_C4	main	-
0x80045d94	76	startIntrDMA	main	-
0x80045de0	384	INTR_DMA_OBJ_4C	main	-
0x80045f60	164	INTR_DMA_OBJ_1CC	main	-
0x80046064	232	LoadTPage	main	-
0x80046214	180	SetDefDrawEnv	main	-
0x800462c8	60	SetDefDispEnv	main	-
0x80046304	64	SetDumpFnt	main	-
0x80046344	160	FntLoad	main	-
0x800463e4	696	FntOpen	main	-
0x8004669c	796	FntFlush	main	-
0x800469b8	960	FntPrint	main	-
0x80046d84	372	ResetGraph	main	-
0x80046ef8	92	SetGraphDebug	main	-
0x80046f54	164	SetGraphQueue	main	-
0x80047008	96	DrawSyncCallback	main	-
0x80047068	152	SetDispMask	main	-
0x80047100	104	DrawSync	main	-
0x80047168	284	init_GsImage_storage_	main	-
0x80047284	144	ClearImage	main	-
0x80047314	152	ClearImage2	main	-
0x8004746c	184	MoveImage	main	-
0x80047524	200	ClearOTag	main	-
0x800475ec	172	ClearOTagR	main	-
0x80047698	92	DrawPrim	main	-
0x800476f4	112	DrawOTag	main	-
0x80047764	192	PutDrawEnv	main	-
0x80047824	216	DrawOTagEnv	main	-
0x80047930	1272	PutDispEnv	main	-
0x80047e5c	48	GetODE	main	-
0x80047e8c	56	SetTexWindow	main	-
0x80047ec4	128	SetDrawArea	main	-
0x80047f44	64	SetDrawOffset	main	-
0x80047f84	40	SetPriority	main	-
0x80047fac	40	SetDrawStp	main	-
0x80047fd4	84	SetDrawMode	main	-
0x80048028	504	SetDrawEnv	main	-
0x80048220	624	FUN_8007f070	main	-
0x80048490	32	FUN_8007f2e0	main	-
0x800485fc	128	FUN_8007f44c	main	-
0x80048694	224	FUN_8007f4e4	main	-
0x80048774	560	FUN_8007f5c4	main	-
0x800489a4	572	load_image_data_into_registers_	main	-
0x80048be0	640	image_size_and_mem_to_gpu_	main	-
0x80048e60	36	FUN_8007fcb0	main	-
0x80048e98	64	FUN_8007fce8	main	-
0x80048ed8	72	FUN_8007fd28	main	-
0x80048f20	48	FUN_8007fd70	main	-
0x80048f50	36	FUN_8007fda0	main	-
0x80048f74	688	load_image_into_gpu_with_dma_	main	-
0x80049224	608	FUN_80080074	main	-
0x80049484	336	FUN_800802d4	main	-
0x800495d4	316	draw_sync_	main	-
0x80049710	52	FUN_80080560	main	-
0x80049744	324	FUN_80080594	main	-
0x80049888	160	FUN_800806d8	main	-
0x80049b00	324	MoveImage2	main	-
0x80049c44	252	DrawOTag2	main	-
0x80049d40	40	FUN_80080b90	main	-
0x80049d68	36	FUN_80080bb8	main	-
0x80049da4	60	GetTPage	main	-
0x80049e04	60	AddPrim	main	-
0x80049e64	40	SetSemiTrans	main	-
0x80049f14	52	DecDCTReset	demo	ghidra
0x80049f48	140	DecDCTGetEnv	demo	ghidra
0x80049fd4	152	DecDCTPutEnv	demo	ghidra
0x8004a078	124	DecDCTin	demo	ghidra
0x8004a114	60	DecDCTinSync	demo	ghidra
0x8004a150	60	DecDCToutSync	demo	ghidra
0x8004a924	172	DecDCTvlcBuild	demo	ghidra
0x8004a9d0	56	BUILD_OBJ_AC	demo	ghidra
0x8004aa14	44	MemCardInit	main	-
0x8004aa60	80	MemCardStart	main	-
0x8004aab0	64	MemCardStop	main	-
0x8004ab58	468	FUN_80080f28	main	-
0x8004ad94	564	FUN_80081164	main	-
0x8004afc8	392	MemCardOpen	main	-
0x8004b150	68	MemCardClose	main	-
0x8004b24c	316	FUN_8008161c	main	-
0x8004b440	316	FUN_80081810	main	-
0x8004b9bc	608	MemCardGetDirentry	main	-
0x8004bc30	284	MemCardSync	main	-
0x8004bd4c	520	MemCardCreateFile	main	-
0x8004bf54	444	MemCardDeleteFile	main	-
0x8004c110	140	MemCardFormat	main	-
0x8004c19c	180	MemCardUnformat	main	-
0x8004c250	84	FUN_80082620	main	-
0x8004c2a4	132	FUN_80082674	main	-
0x8004c328	92	FUN_800826f8	main	-
0x8004c404	208	firstfile	main	-
0x8004c4d4	144	FIRST_OBJ_D0	main	-
0x8004c5a0	192	FIRST_OBJ_19C	main	-
0x8004c660	64	FIRST_OBJ_25C	main	-
0x8004c6f4	52	_card_clear	main	-
0x8004c744	108	UserFuncOpen	main	-
0x8004c7c0	108	UserFuncExecute	main	-
0x8004c8e4	48	_card_open	main	-
0x8004c914	476	_card_start	main	-
0x8004cb10	180	_card_stop	main	-
0x8004cbc4	264	_clr_card_event	main	-
0x8004cf04	108	InitCARD	main	-
0x8004cf70	56	StartCARD	main	-
0x8004cfa8	40	StopCARD	main	-
0x8004d110	48	StartPAD	main	-
0x8004d140	56	StopPAD	main	-
0x8004d178	120	FUN_80083538	main	-
0x8004d1f0	56	FUN_800835b0	main	-
0x8004d228	104	FUN_800835e8	main	-
0x8004d290	64	FUN_80083650	main	-
0x8004d35c	112	_patch_pad	main	-
0x8004d3d4	104	_remove_ChgclrPAD	main	-
0x8004d4a0	68	FUN_80083860	main	-
0x8004d50c	148	_patch_card	main	-
0x8004d5a0	112	_patch_card2	main	-
0x8004d610	52	_copy_memcard_patch	main	-
0x8004d644	112	_ExitCard	main	-
0x8004d724	76	PadChkMtap	main	-
0x8004d770	192	PadGetState	main	-
0x8004d830	248	PadInfoMode	main	-
0x8004d928	212	PadInfoAct	main	-
0x8004d9fc	168	PadInfoComb	main	-
0x8004daa4	56	PadSetActAlign	main	-
0x8004dadc	72	PadSetMainMode	main	-
0x8004db24	72	PadSetAct	main	-
0x8004db74	280	PadEnableCom	main	-
0x8004dc8c	44	_padSetVsyncParam	main	-
0x8004dcb8	104	FUN_80084078	main	-
0x8004dd20	364	FUN_800840e0	main	-
0x8004dea0	204	_padStartCom	main	-
0x8004df6c	68	_padStopCom	main	-
0x8004dfb0	820	_padInitSioMode	main	-
0x8004e2e4	200	FUN_800846a4	main	-
0x8004e3ac	472	_padSioRW	main	-
0x8004e584	568	_padSioRW2	main	-
0x8004e7bc	144	_padClrIntSio0	main	-
0x8004e84c	40	_padWaitRXready	main	-
0x8004e890	132	_padSendAtLoadInfo	main	-
0x8004e914	332	_padRecvAtLoadInfo	main	-
0x8004ea60	56	_padGetActSize	main	-
0x8004ea98	212	_padLoadActInfo	main	-
0x8004eb6c	168	FUN_80084f2c	main	-
0x8004ec14	628	FUN_80084fd4	main	-
0x8004ee88	104	_padSetActAlign	main	-
0x8004ef0c	200	FUN_800852cc	main	-
0x8004efd4	152	_padSetMainMode	main	-
0x8004f06c	84	FUN_8008542c	main	-
0x8004f0c0	96	FUN_80085480	main	-
0x8004f1d4	72	FUN_80085594	main	-
0x8004f21c	216	FUN_800855dc	main	-
0x8004f2f4	192	FUN_800856b4	main	-
0x8004f3b4	140	FUN_80085774	main	-
0x8004f440	892	FUN_80085800	main	-
0x8004f7c4	352	PadInitDirect	main	-
0x8004f924	104	FUN_80085ce4	main	-
0x8004f98c	244	FUN_80085d4c	main	-
0x8004fa90	188	FUN_80085e50	main	-
0x8004fb4c	636	FUN_80085f0c	main	-
0x8004fdc8	56	FUN_80086188	main	-
0x8004fe00	32	FUN_800861c0	main	-
0x8004fe34	52	_padInitDirSeq	main	-
0x8004fe68	256	FUN_80086248	main	-
0x8004ff68	592	FUN_80086348	main	-
0x800501b8	220	_dirFailAuto	main	-
0x80050294	44	FUN_80086674	main	-
0x800502c4	32	setRC2wait	main	-
0x800502e4	160	chkRC2wait	main	-
